,Main_Material,Main_Value,Addition_Material,Percent_of_Addition_Material,Attempt,Temperature,x/z,angle,b,Value,cap_const,sigma
0,Glyc,200,alc,2,3,23,-2.8333333333333335,-0.5235987755982988,0.5900000000000002,0.6103301699261424,21038.909652002974,0.5875114349770132
