,Main_Material,Main_Value,Addition_Material,Percent_of_Addition_Material,Attempt,Temperature,x/z,angle,b,Value,cap_const,sigma
0,Water,200,alc,2,3,23,-2.6470588235294117,-0.6229019916600456,0.6900000000000002,0.5067407094827234,18585.34096293527,0.5278353525805135
