,Main_Material,Main_Value,Addition_Material,Percent_of_Addition_Material,Attempt,Temperature,x/z,angle,b,Value,cap_const,sigma
0,Water,200,alc,1,2,23,-2.0754716981132075,-1.1103905068722544,0.3700000000000001,3.5584382197534796,68153.20589687474,0.14394040413658443
