,Main_Material,Main_Value,Addition_Material,Percent_of_Addition_Material,Attempt,Temperature,x/z,angle,b,Value,cap_const,sigma
0,Glyc,200,alc,1,1,23,-1.5945945945945945,-1.029142421003553,0.17000000000000035,13.63196662343777,166860.04086960177,0.05879178711017064
