,Main_Material,Main_Value,Addition_Material,Percent_of_Addition_Material,Attempt,Temperature,x/z,angle,b,Value,cap_const,sigma
0,Glyc,200,alc,1,3,23,-2.19672131147541,-0.7853981633974483,0.7900000000000003,0.6926801624586468,22891.1970045862,0.5399717628363244
