,Main_Material,Main_Value,Addition_Material,Percent_of_Addition_Material,Attempt,Temperature,x/z,angle,b,Value,cap_const,sigma
0,Glyc,200,alc,0p5,3,16,-2.6451612903225805,-0.7853981633974483,0.4900000000000001,1.0572089078393885,30345.00490749583,0.40733557426272426
