,Main_Material,Main_Value,Addition_Material,Percent_of_Addition_Material,Attempt,Temperature,x/z,angle,b,Value,cap_const,sigma
0,Water,200,alc,1,1,23,-2.2767295597484276,-1.0562251162931202,0.29000000000000015,5.080361628929646,86412.47038194776,0.11352528120813203
