,Main_Material,Main_Value,Addition_Material,Percent_of_Addition_Material,Attempt,Temperature,x/z,angle,b,Value,cap_const,sigma
0,Water,200,alc,2,1,23,-2.918918918918919,-0.6229019916600456,0.5500000000000002,0.7141269994108602,23361.298117766502,0.4199252948422158
