,Main_Material,Main_Value,Addition_Material,Percent_of_Addition_Material,Attempt,Temperature,x/z,angle,b,Value,cap_const,sigma
0,Glyc,200,None,0,3,26,-4.777777777777778,-0.5235987755982988,0.40000000000000013,3.9374995777422224,72911.10547511502,0.16952972965440422
