,Main_Material,Main_Value,Addition_Material,Percent_of_Addition_Material,Attempt,Temperature,x/z,angle,b,Value,cap_const,sigma
0,Glyc,200,alc,2,1,23,-2.8095238095238093,-0.6108652381980153,0.5900000000000002,0.7231430807631182,23557.51590254982,0.5246987862019065
