,Main_Material,Main_Value,Addition_Material,Percent_of_Addition_Material,Attempt,Temperature,x/z,angle,b,Value,cap_const,sigma
0,Glyc,200,alc,1,2,16,-1.9705882352941178,-0.8726646259971648,0.6900000000000002,1.2791735750686093,34456.11612227192,0.35873456997117253
