,Main_Material,Main_Value,Addition_Material,Percent_of_Addition_Material,Attempt,Temperature,x/z,angle,b,Value,cap_const,sigma
0,Glyc,200,alc,2,3,16,-2.2857142857142856,-0.8726646259971648,0.7100000000000002,0.6814241566560264,22642.533543331094,0.5459018080439398
