,Main_Material,Main_Value,Addition_Material,Percent_of_Addition_Material,Attempt,Temperature,x/z,angle,b,Value,cap_const,sigma
0,Glyc,200,alc,1,3,16,-2.2903225806451615,-0.8726646259971648,0.6900000000000002,0.6712402705872524,22416.37270346121,0.5514094614465193
