,Main_Material,Main_Value,Addition_Material,Percent_of_Addition_Material,Attempt,Temperature,x/z,angle,b,Value,cap_const,sigma
0,Glyc,200,alc,0p5,3,23,-3.242424242424242,-0.46040581992264223,0.4900000000000002,0.6807270171539328,22627.087757581176,0.5462744535411367
