,Main_Material,Main_Value,Addition_Material,Percent_of_Addition_Material,Attempt,Temperature,x/z,angle,b,Value,cap_const,sigma
0,Water,200,alc,2,2,23,-2.44954128440367,-0.8937289445557172,0.40000000000000013,2.2675463482628606,50468.157691664564,0.19437999024918323
