,Main_Material,Main_Value,Addition_Material,Percent_of_Addition_Material,Attempt,Temperature,x/z,angle,b,Value,cap_const,sigma
0,Glyc,200,alc,2,2,23,-2.031578947368421,-0.9599310885968811,0.8000000000000002,0.674008301247348,22477.956850165243,0.5498987333410214
