,Main_Material,Main_Value,Addition_Material,Percent_of_Addition_Material,Attempt,Temperature,x/z,angle,b,Value,cap_const,sigma
0,Water,200,alc,1,3,23,-2.0847457627118646,-0.9478943351348516,0.7800000000000001,0.6239417725246995,21350.565272714193,0.45947261230301384
