,Main_Material,Main_Value,Addition_Material,Percent_of_Addition_Material,Attempt,Temperature,x/z,angle,b,Value,cap_const,sigma
0,Water,200,alc,0p5,2,23,-2.0347222222222223,-1.002059725713986,0.6000000000000001,1.3899100650742442,36417.02543639586,0.26937949715672554
