,Main_Material,Main_Value,Addition_Material,Percent_of_Addition_Material,Attempt,Temperature,x/z,angle,b,Value,cap_const,sigma
0,Glyc,200,None,0,2,26,-1.9411764705882353,-1.1344640137963142,0.40000000000000013,3.9374995777422224,72911.10547511502,0.16952972965440422
