,Main_Material,Main_Value,Addition_Material,Percent_of_Addition_Material,Attempt,Temperature,x/z,angle,b,Value,cap_const,sigma
0,Glyc,200,alc,2,1,16,-2.2941176470588234,-0.8726646259971648,0.6100000000000001,1.0064403740588799,29365.58812675698,0.42092124791253266
