,Main_Material,Main_Value,Addition_Material,Percent_of_Addition_Material,Attempt,Temperature,x/z,angle,b,Value,cap_const,sigma
0,Glyc,200,alc,0,2,23,-2.0384615384615383,-0.86664624926615,0.8600000000000003,0.5874175393465688,20509.005869180804,0.4783264514415902
