,Main_Material,Main_Value,Addition_Material,Percent_of_Addition_Material,Attempt,Temperature,x/z,angle,b,Value,cap_const,sigma
0,Glyc,200,alc,0p5,2,16,-1.5897435897435896,-1.002059725713986,0.14000000000000032,20.942243639104042,222158.0943521328,0.044157742838982994
