,Main_Material,Main_Value,Addition_Material,Percent_of_Addition_Material,Attempt,Temperature,x/z,angle,b,Value,cap_const,sigma
0,Glyc,200,alc,0p5,1,23,-1.8333333333333333,-1.3812174597679272,0.2700000000000001,7.51612107443117,112195.60578094903,0.08743657946063474
