,Main_Material,Main_Value,Addition_Material,Percent_of_Addition_Material,Attempt,Temperature,x/z,angle,b,Value,cap_const,sigma
0,Water,200,alc,0p5,2,23,-1.5135135135135136,-0.29790964818523896,0.3500000000000001,4.437329171133225,78957.69001434163,0.12424375634872477
