,Main_Material,Main_Value,Addition_Material,Percent_of_Addition_Material,Attempt,Temperature,x/z,angle,b,Value,cap_const,sigma
0,Glyc,200,alc,2,3,16,-1.7045454545454546,-0.9208116398452842,0.1200000000000003,27.429114957220186,265942.5728413716,0.03688766298373533
