,Main_Material,Main_Value,Addition_Material,Percent_of_Addition_Material,Attempt,Temperature,x/z,angle,b,Value,cap_const,sigma
0,Glyc,200,alc,0p5,3,16,-1.836734693877551,-1.0562251162931202,0.6500000000000004,1.1915799076459053,32864.63277745148,0.2984971737378021
