,Main_Material,Main_Value,Addition_Material,Percent_of_Addition_Material,Attempt,Temperature,x/z,angle,b,Value,cap_const,sigma
0,Glyc,200,alc,2,1,16,-1.6470588235294117,-1.1103905068722546,0.8000000000000003,1.0449860538161397,30110.663990671183,0.32579819571694973
