,Main_Material,Main_Value,Addition_Material,Percent_of_Addition_Material,Attempt,Temperature,x/z,angle,b,Value,cap_const,sigma
0,Water,200,alc,2,1,23,-2.810126582278481,-0.67706738223918,0.6600000000000004,0.4926378490238432,18238.89485871528,0.5378615357998177
