,Main_Material,Main_Value,Addition_Material,Percent_of_Addition_Material,Attempt,Temperature,x/z,angle,b,Value,cap_const,sigma
0,Water,200,alc,2,2,23,-2.3275862068965516,-0.9749770304244187,0.3699999999999999,2.719516019053527,56969.32631439984,0.1721979288619458
