,Main_Material,Main_Value,Addition_Material,Percent_of_Addition_Material,Attempt,Temperature,x/z,angle,b,Value,cap_const,sigma
0,Glyc,200,alc,2,2,23,-1.834862385321101,-1.0833078115826873,0.7300000000000004,1.1701513195500484,32469.431696605057,0.30213032650724575
