,Main_Material,Main_Value,Addition_Material,Percent_of_Addition_Material,Attempt,Temperature,x/z,angle,b,Value,cap_const,sigma
0,Water,200,alc,1,1,23,-2.2181818181818183,-1.0562251162931202,0.3799999999999999,2.8795072858890123,59182.33882759665,0.16575891041713292
