,Main_Material,Main_Value,Addition_Material,Percent_of_Addition_Material,Attempt,Temperature,x/z,angle,b,Value,cap_const,sigma
0,Glyc,200,none,0,2,26,-1.9411764705882353,-1.05622511629312,0.5400000000000003,1.7116766153381497,41840.27026655499,0.23446311263055156
