,Main_Material,Main_Value,Addition_Material,Percent_of_Addition_Material,Attempt,Temperature,x/z,angle,b,Value,cap_const,sigma
0,Glyc,200,none,0,3,26,-5.555555555555555,-0.3791577340539406,0.2800000000000001,0.29371263570472966,12919.9774776904,0.7592892492993459
